online-Trust-FMS-Taru,22781
online-Trust-FMS-A1,123
online-Trust-FMS-A2,84
online-Trust-DG-Taru,96
online-Trust-DG-A1,86
online-Trust-DG-A2,546
online-Aura-FMS-Taru,13
online-Aura-FMS-A1,89
online-Aura-FMS-A2,56
online-Aura-DG-Taru,34
online-Aura-DG-A1,68
online-Aura-DG-A2,34
online-Infra-FMS-Taru,13
online-Infra-FMS-A1,89
online-Infra-DG,68
online-Infra-DG-A2,34
offline-Trust-FMS-Taru,68
offline-Trust-FMS-A1,65
offline-Trust-FMS-A2,34
offline-Trust-DG-Taru,314
offline-Trust-DG-A1,45
offline-Trust-DG-A2,87
offline-Aura-FMS-Taru,54
offline-Aura-FMS-A1,8
offline-Aura-FMS-A2,546
offline-Aura-DG-Taru,21
offline-Aura-DG-A1,110
offline-Aura-DG-A2,10
offline-Infra-FMS-Taru,54
offline-Infra-FMS-A1,8
offline-Infra-A2,54
offline-Infra-,21